-- =====================================================
-- 黑科易购项目测试数据
-- 生成时间: 2026-03-13
-- 说明: 先执行 create_missing_tables.sql 创建表结构，然后执行此脚本
-- =====================================================

USE heikeji_mall;

SET NAMES utf8mb4;

-- =====================================================
-- 1. 校园数据 (5条)
-- =====================================================
INSERT INTO campus (name, code, province, city, district, address, status) VALUES
('黑科技大学', 'HKUST', '黑龙江省', '哈尔滨市', '南岗区', '哈尔滨市南岗区学府路52号', 1),
('哈工程大学', 'HEU', '黑龙江省', '哈尔滨市', '南岗区', '哈尔滨市南岗区南通大街145号', 1),
('哈尔滨工业大学', 'HIT', '黑龙江省', '哈尔滨市', '南岗区', '哈尔滨市南岗区西大直街92号', 1),
('东北林业大学', 'NEFU', '黑龙江省', '哈尔滨市', '香坊区', '哈尔滨市香坊区和兴路26号', 1),
('东北农业大学', 'NEAU', '黑龙江省', '哈尔滨市', '香坊区', '哈尔滨市香坊区长江路600号', 1);

-- =====================================================
-- 2. 校园公告数据 (5条)
-- =====================================================
INSERT INTO campus_notice (title, content, type, publisher, status, view_count) VALUES
('关于2024年春季学期开学通知', '亲爱的同学们，新学期即将开始，请按时返校，遵守学校各项规章制度，祝大家学习进步！', 1, '教务处', 1, 456),
('校园美食节活动公告', '本周五将在食堂前广场举办校园美食节，欢迎各位同学参加，现场有各种美食优惠！', 2, '学生会', 1, 782),
('防范网络诈骗安全提示', '近期网络诈骗案件频发，请各位同学提高警惕，不轻信陌生人，不转账给陌生人。', 3, '保卫处', 1, 1023),
('图书馆开放时间调整', '为方便同学们学习，图书馆开放时间进行调整：周一至周五7:00-22:00，周末7:00-21:00。', 1, '图书馆', 1, 567),
('校园网络维护通知', '本周六凌晨2:00-6:00进行网络维护，届时部分区域网络可能不稳定，请提前做好准备。', 1, '信息中心', 1, 234);

-- =====================================================
-- 3. 会员等级数据 (5条)
-- =====================================================
INSERT INTO member_level (name, level, min_points, discount, icon, description, status) VALUES
('普通会员', 1, 0, 1.00, '/icons/level1.png', '普通会员', 1),
('铜牌会员', 2, 500, 0.98, '/icons/level2.png', '铜牌会员享受98折', 1),
('银牌会员', 3, 2000, 0.95, '/icons/level3.png', '银牌会员享受95折', 1),
('金牌会员', 4, 5000, 0.92, '/icons/level4.png', '金牌会员享受92折', 1),
('钻石会员', 5, 10000, 0.88, '/icons/level5.png', '钻石会员享受88折', 1);

-- =====================================================
-- 4. 积分规则数据 (6条)
-- =====================================================
INSERT INTO point_rule (rule_key, rule_name, points, description, status) VALUES
('daily_signin', '每日签到', 10, '每日签到获得10积分', 1),
('consume', '消费积分', 1, '消费1元获得1积分', 1),
('order_complete', '完成订单', 50, '完成订单获得50积分', 1),
('comment', '评价奖励', 20, '订单评价获得20积分', 1),
('invite_friend', '邀请好友', 100, '邀请新用户注册获得100积分', 1),
('exchange_coupon', '优惠券兑换', -100, '100积分兑换优惠券', 1);

-- =====================================================
-- 5. 积分商品数据 (6条)
-- =====================================================
INSERT INTO point_product (name, description, image, points, stock, exchange_count, status) VALUES
('蓝牙耳机', '无线蓝牙耳机，音质清晰', '/images/points/earphone.jpg', 500, 20, 5, 1),
('充电宝', '10000mAh大容量充电宝', '/images/points/powerbank.jpg', 300, 30, 10, 1),
('雨伞', '折叠晴雨伞，轻便易携带', '/images/points/umbrella.jpg', 200, 50, 15, 1),
('水杯', '保温水杯，多色可选', '/images/points/cup.jpg', 150, 40, 20, 1),
('笔记本', '精美笔记本，实用又好看', '/images/points/notebook.jpg', 100, 100, 30, 1),
('U盘', '32GB USB3.0U盘', '/images/points/udisk.jpg', 250, 25, 8, 1);

-- =====================================================
-- 6. 优惠券数据 (5条)
-- =====================================================
INSERT INTO coupon (name, type, value, min_amount, total_count, received_count, used_count, valid_from, valid_to, status) VALUES
('新人满减券', 1, 10.00, 50.00, 1000, 200, 50, NOW(), DATE_ADD(NOW(), INTERVAL 30 DAY), 1),
('5元无门槛券', 3, 5.00, 0.00, 2000, 500, 100, NOW(), DATE_ADD(NOW(), INTERVAL 15 DAY), 1),
('满20减3', 1, 3.00, 20.00, 5000, 1000, 300, NOW(), DATE_ADD(NOW(), INTERVAL 7 DAY), 1),
('8折折扣券', 2, 0.80, 30.00, 2000, 400, 80, NOW(), DATE_ADD(NOW(), INTERVAL 14 DAY), 1),
('满50减15', 1, 15.00, 50.00, 1000, 150, 30, NOW(), DATE_ADD(NOW(), INTERVAL 30 DAY), 1);

-- =====================================================
-- 7. 商家数据 (8条)
-- =====================================================
INSERT INTO merchant (name, description, logo, address, phone, business_hours, min_price, delivery_fee, rating, sales, status) VALUES
('麦当劳', '经典西式快餐', '/images/merchant/mcdonalds.png', '学府路52号', '0451-88888888', '07:00-22:00', 20.00, 3.00, 4.80, 5000, 1),
('肯德基', '香脆可口的炸鸡', '/images/merchant/kfc.png', '南通大街145号', '0451-87777777', '07:00-23:00', 25.00, 3.00, 4.75, 4500, 1),
('黄焖鸡米饭', '特色黄焖鸡', '/images/merchant/huangmen.png', '和兴路26号', '0451-86666666', '10:00-21:00', 15.00, 2.00, 4.60, 3000, 1),
('兰州拉面', '正宗西北拉面', '/images/merchant/lanzhou.png', '长江路600号', '0451-85555555', '06:00-22:00', 12.00, 2.00, 4.70, 3500, 1),
('沙县小吃', '经济实惠选择', '/images/merchant/shaxian.png', '西大直街92号', '0451-84444444', '06:00-23:00', 10.00, 1.50, 4.50, 4000, 1),
('杨国福麻辣烫', '麻辣鲜香', '/images/merchant/yangguofu.png', '学府路52号', '0451-83333333', '10:00-22:00', 18.00, 2.50, 4.65, 2800, 1),
('益禾堂', '奶茶甜品', '/images/merchant/yihetang.png', '南通大街145号', '0451-82222222', '09:00-23:00', 15.00, 2.00, 4.80, 3200, 1),
('正新鸡排', '香脆鸡排', '/images/merchant/zhengxin.png', '和兴路26号', '0451-81111111', '10:00-22:00', 12.00, 1.50, 4.55, 2500, 1);

-- =====================================================
-- 8. 外卖分类数据 (32条: 8个商家 x 4个分类)
-- =====================================================
INSERT INTO takeout_category (merchant_id, name, sort_order, status) VALUES
(1, '热销推荐', 1, 1), (1, '主食', 2, 1), (1, '小吃', 3, 1), (1, '饮料', 4, 1),
(2, '热销推荐', 1, 1), (2, '主食', 2, 1), (2, '小吃', 3, 1), (2, '饮料', 4, 1),
(3, '热销推荐', 1, 1), (3, '主食', 2, 1), (3, '小吃', 3, 1), (3, '饮料', 4, 1),
(4, '热销推荐', 1, 1), (4, '主食', 2, 1), (4, '小吃', 3, 1), (4, '饮料', 4, 1),
(5, '热销推荐', 1, 1), (5, '主食', 2, 1), (5, '小吃', 3, 1), (5, '饮料', 4, 1),
(6, '热销推荐', 1, 1), (6, '主食', 2, 1), (6, '小吃', 3, 1), (6, '饮料', 4, 1),
(7, '热销推荐', 1, 1), (7, '主食', 2, 1), (7, '小吃', 3, 1), (7, '饮料', 4, 1),
(8, '热销推荐', 1, 1), (8, '主食', 2, 1), (8, '小吃', 3, 1), (8, '饮料', 4, 1);

-- =====================================================
-- 9. 外卖商品数据 (24条)
-- =====================================================
INSERT INTO takeout_product (merchant_id, category_id, name, description, image, price, stock, sales, status) VALUES
(1, 1, '巨无霸套餐', '经典巨无霸搭配薯条可乐', '/images/food/burger_set.jpg', 35.00, 100, 500, 1),
(1, 2, '香辣鸡腿堡', '香辣鸡腿汉堡', '/images/food/spicy_chicken.jpg', 18.00, 100, 300, 1),
(1, 3, '薯条(大)', '金黄酥脆薯条', '/images/food/fries.jpg', 12.00, 100, 400, 1),
(1, 4, '可口可乐(大)', '冰爽可口可乐', '/images/food/coke.jpg', 8.00, 100, 350, 1),
(2, 5, '香辣鸡翅', '香辣诱人的鸡翅', '/images/food/spicy_wing.jpg', 15.00, 100, 280, 1),
(2, 6, '奥尔良烤鸡腿饭', '奥尔良风味烤鸡腿', '/images/food/chicken_rice.jpg', 22.00, 100, 250, 1),
(2, 7, '鸡米花', '酥脆鸡米花', '/images/food/nuggets.jpg', 12.00, 100, 200, 1),
(2, 8, '奶茶', '香浓奶茶', '/images/food/milk_tea.jpg', 10.00, 100, 180, 1),
(3, 9, '黄焖鸡套餐', '黄焖鸡米饭套餐', '/images/food/huangmen_chicken.jpg', 25.00, 50, 400, 1),
(3, 10, '黄焖排骨', '黄焖排骨米饭', '/images/food/huangmen_ribs.jpg', 28.00, 50, 350, 1),
(3, 11, '卤蛋', '秘制卤蛋', '/images/food/egg.jpg', 3.00, 100, 300, 1),
(4, 13, '牛肉拉面', '正宗兰州牛肉拉面', '/images/food/beef_noodles.jpg', 18.00, 100, 500, 1),
(4, 14, '羊肉拉面', '鲜美羊肉拉面', '/images/food/lamb_noodles.jpg', 22.00, 100, 400, 1),
(4, 15, '牛肉饼', '香脆牛肉饼', '/images/food/beef_cake.jpg', 8.00, 100, 250, 1),
(5, 17, '拌面', '特色拌面', '/images/food/mixed_noodles.jpg', 12.00, 100, 300, 1),
(5, 18, '蒸饺', '手工蒸饺', '/images/food/dumpling.jpg', 15.00, 100, 280, 1),
(5, 19, '炒饭', '扬州炒饭', '/images/food/fried_rice.jpg', 15.00, 100, 320, 1),
(6, 21, '麻辣烫套餐', '按称重计算', '/images/food/malatang.jpg', 20.00, 50, 450, 1),
(6, 22, '麻辣拌', '特色麻辣拌', '/images/food/malaban.jpg', 18.00, 50, 380, 1),
(7, 25, '烤奶', '招牌烤奶', '/images/food/roasted_milk.jpg', 12.00, 100, 400, 1),
(7, 26, '芝士奶盖', '浓郁芝士奶盖', '/images/food/cheese_tea.jpg', 15.00, 100, 350, 1),
(7, 27, '水果茶', '新鲜水果茶', '/images/food/fruit_tea.jpg', 18.00, 100, 300, 1),
(8, 29, '大份鸡排', '香脆大鸡排', '/images/food/chicken_strip.jpg', 12.00, 100, 500, 1),
(8, 31, '骨肉相连', '香辣骨肉相连', '/images/food/bone_meat.jpg', 8.00, 100, 350, 1);

-- =====================================================
-- 10. 外卖柜数据 (12条)
-- =====================================================
INSERT INTO takeout_locker (locker_no, location, status) VALUES
('L001', '一期宿舍楼A栋1楼', 1),
('L002', '一期宿舍楼A栋2楼', 1),
('L003', '一期宿舍楼B栋1楼', 1),
('L004', '一期宿舍楼B栋2楼', 1),
('L005', '二期宿舍楼C栋1楼', 1),
('L006', '二期宿舍楼C栋2楼', 1),
('L007', '三期宿舍楼D栋1楼', 1),
('L008', '三期宿舍楼D栋2楼', 1),
('L009', '食堂1楼大厅', 1),
('L010', '食堂2楼大厅', 1),
('L011', '图书馆1楼', 1),
('L012', '体育馆1楼', 1);

-- =====================================================
-- 11. 二手分类数据 (8条)
-- =====================================================
INSERT INTO secondhand_category (name, parent_id, sort_order, status) VALUES
('电子产品', 0, 1, 1),
('图书教材', 0, 2, 1),
('生活用品', 0, 3, 1),
('运动器材', 0, 4, 1),
('服装鞋帽', 0, 5, 1),
('文具办公', 0, 6, 1),
('美妆个护', 0, 7, 1),
('其他', 0, 8, 1);

-- =====================================================
-- 12. 二手商品数据 (28条)
-- =====================================================
INSERT INTO secondhand_product (user_id, category_id, title, description, original_price, sell_price, images, condition, status, view_count, favorite_count, contact_phone) VALUES
(1, 1, 'iPhone13 Pro Max 95新', '自用iPhone13 Pro Max，95新，无任何问题', 8000, 4500, '/images/secondhand/1.jpg', 2, 1, 156, 12, '13800138001'),
(1, 1, 'ThinkPad笔记本', 'ThinkPad T490办公本，性能稳定', 5000, 2800, '/images/secondhand/2.jpg', 3, 1, 89, 5, '13800138002'),
(1, 1, '小米平板5', '小米平板5，11寸大屏，看剧神器', 2000, 1200, '/images/secondhand/3.jpg', 2, 1, 67, 8, '13800138003'),
(1, 1, 'AirPods Pro', '苹果AirPods Pro无线耳机', 1999, 1200, '/images/secondhand/4.jpg', 3, 1, 123, 15, '13800138004'),
(2, 2, '高等数学教材', '同济版高等数学第七版', 50, 25, '/images/secondhand/5.jpg', 3, 1, 45, 3, '13800138005'),
(2, 2, '大学英语教材', '大学英语综合教程1-4册', 80, 40, '/images/secondhand/6.jpg', 3, 1, 38, 2, '13800138006'),
(2, 2, '计算机基础', '计算机基础理论与实践', 45, 20, '/images/secondhand/7.jpg', 4, 1, 56, 4, '13800138007'),
(2, 2, '数据结构与算法', '数据结构与算法分析', 55, 28, '/images/secondhand/8.jpg', 3, 1, 42, 3, '13800138008'),
(3, 3, '台灯', 'LED护眼台灯，三档调光', 80, 35, '/images/secondhand/9.jpg', 3, 1, 67, 6, '13800138009'),
(3, 3, '收纳箱', '特大号收纳箱，整理衣物', 50, 20, '/images/secondhand/10.jpg', 4, 1, 34, 2, '13800138010'),
(3, 3, '床上桌', '大学生必备床上桌，可折叠', 60, 25, '/images/secondhand/11.jpg', 3, 1, 78, 8, '13800138011'),
(3, 3, '电风扇', 'USB小风扇，静音设计', 40, 15, '/images/secondhand/12.jpg', 4, 1, 45, 3, '13800138012'),
(4, 4, '篮球', '斯伯丁篮球，室外室内通用', 120, 60, '/images/secondhand/13.jpg', 3, 1, 89, 7, '13800138013'),
(4, 4, '羽毛球拍', '尤尼克斯羽毛球拍套装', 200, 100, '/images/secondhand/14.jpg', 2, 1, 56, 4, '13800138014'),
(4, 4, '乒乓球拍', '红双喜乒乓球拍', 80, 40, '/images/secondhand/15.jpg', 3, 1, 43, 3, '13800138015'),
(4, 4, '瑜伽垫', '加厚瑜伽垫，健身必备', 60, 25, '/images/secondhand/16.jpg', 4, 1, 67, 5, '13800138016'),
(5, 5, '冬季棉服', '白色棉服，L码，仅穿一次', 300, 120, '/images/secondhand/17.jpg', 2, 1, 78, 9, '13800138017'),
(5, 5, '运动鞋', 'Nike Air Max运动鞋，42码', 500, 220, '/images/secondhand/18.jpg', 3, 1, 95, 11, '13800138018'),
(5, 5, '牛仔裤', '蓝色牛仔裤，32码，九成新', 150, 60, '/images/secondhand/19.jpg', 3, 1, 54, 4, '13800138019'),
(5, 5, 'T恤', '纯棉T恤，多色可选', 50, 18, '/images/secondhand/20.jpg', 4, 1, 43, 2, '13800138020'),
(6, 6, '笔记本', '活页笔记本，A5大小', 15, 5, '/images/secondhand/21.jpg', 4, 1, 23, 1, '13800138021'),
(6, 6, '水性笔', '晨光水性笔一盒12支', 12, 4, '/images/secondhand/22.jpg', 4, 1, 18, 0, '13800138022'),
(6, 6, '文件夹', 'A4文件夹10个装', 20, 8, '/images/secondhand/23.jpg', 4, 1, 15, 1, '13800138023'),
(6, 6, '订书机', '得力订书机，加厚款', 25, 10, '/images/secondhand/24.jpg', 3, 1, 28, 2, '13800138024'),
(7, 7, '护肤品套装', '水乳霜三件套，未拆封', 300, 150, '/images/secondhand/25.jpg', 1, 1, 67, 8, '13800138025'),
(7, 7, '化妆品', '日常化妆品套装', 200, 80, '/images/secondhand/26.jpg', 2, 1, 45, 5, '13800138026'),
(7, 7, '面膜', '医美面膜5片装', 80, 35, '/images/secondhand/27.jpg', 2, 1, 56, 6, '13800138027'),
(7, 7, '洗发水', '海飞丝去屑洗发水750ml', 50, 20, '/images/secondhand/28.jpg', 3, 1, 34, 2, '13800138028');

-- =====================================================
-- 13. 失物招领数据 (5条)
-- =====================================================
INSERT INTO lost_found (user_id, title, content, type, location, time, contact_name, contact_phone, status, view_count) VALUES
(1, '捡到校园卡', '在食堂捡到一张校园卡，卡号为2023001开头，请失主联系领取', 1, '食堂一楼', DATE_SUB(NOW(), INTERVAL 2 DAY), '张同学', '13800138001', 1, 45),
(2, '丢失黑色钱包', '昨晚在图书馆丢失黑色钱包一个，内有身份证和银行卡', 0, '图书馆三楼', DATE_SUB(NOW(), INTERVAL 1 DAY), '李同学', '13800138002', 1, 67),
(3, '捡到钥匙串', '捡到钥匙串一串，上面有卡通钥匙扣', 1, '教学楼A座', DATE_SUB(NOW(), INTERVAL 3 DAY), '王同学', '13800138003', 1, 23),
(4, '丢失雨伞', '蓝色雨伞丢失在教室，应该是B座201', 0, '教学楼B座', DATE_SUB(NOW(), INTERVAL 4 DAY), '赵同学', '13800138004', 1, 34),
(5, '捡到耳机', '捡到无线耳机一副，型号是AirPods', 1, '体育馆', DATE_SUB(NOW(), INTERVAL 5 DAY), '钱同学', '13800138005', 1, 89);

SELECT '测试数据插入完成！' AS result;
