-- ================================
-- 黑科易购项目黑龙江科技大学测试数据
-- 版本: 1.0
-- 描述: 基于黑龙江科技大学的真实信息生成测试数据
-- 日期: 2025-11-18
-- ================================

USE `heikeji_mall`;

-- ================================
-- 1. 校园区域数据
-- ================================

-- 插入校园区域数据
INSERT INTO `campus_info` (`id`, `name`, `code`, `address`, `description`) VALUES
(1, '黑龙江科技大学松北校区', 'USTH_SONGBEI', '黑龙江省哈尔滨市松北区学院路73号', '黑龙江科技大学主校区，设有多个学院和宿舍区'),
(2, '黑龙江科技大学嵩山校区', 'USTH_SONGSHAN', '黑龙江省哈尔滨市南岗区嵩山路199号', '黑龙江科技大学嵩山校区，主要为部分专业教学区域');

-- ================================
-- 2. 外卖柜数据（基于真实位置）
-- ================================

INSERT INTO `delivery_locker` (`locker_code`, `name`, `location`, `campus_area`, `total_cells`, `available_cells`, `status`) VALUES
('LOCKER_A1', 'A区宿舍外卖柜', 'A区学生宿舍1号楼门前', '松北校区A区', 24, 20, 0),
('LOCKER_A2', 'A区商业街外卖柜', 'A区商业街入口处', '松北校区A区', 30, 25, 0),
('LOCKER_B1', 'B区食堂外卖柜', 'B区学生食堂门口', '松北校区B区', 36, 30, 0),
('LOCKER_B2', 'B区宿舍外卖柜', 'B区学生宿舍3号楼门前', '松北校区B区', 20, 18, 0),
('LOCKER_C1', 'C区商业街外卖柜', 'C区商业街中心位置', '松北校区C区', 42, 35, 0),
('LOCKER_C2', 'C区图书馆外卖柜', 'C区图书馆南门', '松北校区C区', 18, 16, 0),
('LOCKER_D1', 'D区教学楼外卖柜', 'D区教学楼大厅', '松北校区D区', 15, 12, 0),
('LOCKER_D2', 'D区实验楼外卖柜', 'D区实验楼东门', '松北校区D区', 12, 10, 0),
('LOCKER_S1', '嵩山校区外卖柜', '嵩山校区食堂旁', '嵩山校区', 20, 18, 0),
('LOCKER_S2', '嵩山校区宿舍外卖柜', '嵩山校区学生宿舍楼下', '嵩山校区', 16, 14, 0);

-- ================================
-- 3. 商家数据（校园内真实商铺）
-- ================================

INSERT INTO `merchant` (`name`, `type`, `description`, `phone`, `address`, `business_hours`, `status`, `rating`) VALUES
('科大超市松北店', 1, '校园内最大便利店，提供零食饮料、日用品、学习用品等', '136555501', '松北校区B区食堂一楼', '07:00-23:00', 0, 4.5),
('学府便利店', 1, 'A区学生宿舍楼下便利店，24小时营业', '136555502', '松北校区A区宿舍1号楼楼下', '00:00-24:00', 0, 4.3),
('嵩山便民超市', 1, '嵩山校区便利店，主要服务嵩山校区师生', '136555503', '嵩山校区宿舍区', '08:00-22:00', 0, 4.2),
('C区水果小店', 1, '新鲜水果和水果捞，支持外卖配送', '136555504', '松北校区C区商业街', '09:00-21:00', 0, 4.6),
('科大奶茶店', 1, '校园内知名奶茶店，多种口味可供选择', '136555505', '松北校区C区商业街', '10:00-22:00', 0, 4.7),
('学生超市A店', 1, '位于A区，提供各类学生必需品', '136555506', '松北校区A区商业街', '07:30-23:30', 0, 4.4),
('松北文具店', 1, '专门销售学习文具和办公用品', '136555507', '松北校区D区教学楼附近', '08:00-20:00', 0, 4.1),
('科大复印店', 1, '提供打印、复印、装订等文印服务', '136555508', '松北校区B区教学楼1楼', '08:00-21:00', 0, 4.0),
('学生餐厅超市', 1, '学生食堂内超市，价格实惠', '136555509', '松北校区B区学生食堂', '06:30-22:00', 0, 4.2),
('校园生活超市', 1, '综合性生活超市，日用品齐全', '136555510', '松北校区A区宿舍2号楼', '08:00-23:00', 0, 4.3);

-- ================================
-- 4. 商品分类数据（基于学生需求）
-- ================================

INSERT INTO `category` (`name`, `parent_id`, `sort_order`, `status`) VALUES
('校园食品', 0, 1, 1),
('生活用品', 0, 2, 1),
('学习用品', 0, 3, 1),
('水果生鲜', 0, 4, 1),
('饮品饮料', 0, 5, 1),
('零食小吃', 0, 6, 1),
('方便食品', 0, 7, 1),
('日化用品', 0, 8, 1),
('休闲食品', 6, 1, 1),
('膨化食品', 6, 2, 1),
('糖果巧克力', 6, 3, 1),
('薯片类', 9, 1, 1),
('饼干类', 9, 2, 1),
('薯条类', 10, 1, 1),
('爆米花类', 10, 2, 1),
('牛奶饮品', 5, 1, 1),
('茶饮咖啡', 5, 2, 1),
('碳酸饮料', 5, 3, 1),
('果汁饮料', 5, 4, 1),
('洗发护发', 7, 1, 1),
('牙膏牙刷', 7, 2, 1),
('沐浴用品', 7, 3, 1),
('洗衣用品', 7, 4, 1),
('文具用品', 3, 1, 1),
('办公用品', 3, 2, 1),
('电脑配件', 3, 3, 1);

-- ================================
-- 5. 商品数据（大量真实商品）
-- ================================

-- 零食小吃类
INSERT INTO `product` (`name`, `category_id`, `merchant_id`, `price`, `original_price`, `stock`, `sales`, `cover_image`, `description`, `status`, `is_hot`, `is_new`) VALUES
('奥利奥饼干巧克力味', 13, 1, 8.50, 9.00, 150, 245, '/images/oreo.jpg', '经典奥利奥饼干，香浓巧克力味，一包12片装', 1, 1, 0),
('乐事薯片黄瓜味', 12, 1, 6.80, 7.00, 200, 320, '/images/lays_cucumber.jpg', '乐事经典薯片，黄瓜味，70g装', 1, 1, 0),
('卫龙辣条大面筋', 9, 1, 4.50, 5.00, 300, 580, '/images/weilong.jpg', '卫龙经典辣条，大面筋包装', 1, 1, 0),
('旺仔小馒头', 9, 1, 5.20, 5.50, 120, 180, '/images/wangzi.jpg', '旺仔小馒头，奶香浓郁，22g装', 1, 0, 0),
('可比克薯片番茄味', 12, 1, 6.50, 7.00, 180, 290, '/images/keikebi.jpg', '可比克薯片，番茄味，60g装', 1, 0, 0),
('上好佳薯片鲜虾味', 12, 1, 7.20, 7.50, 90, 150, '/images/shanghaojia.jpg', '上好佳薯片，鲜虾味', 1, 0, 0),
('徐福记沙琪玛', 13, 1, 12.80, 13.50, 80, 120, '/images/xufuji.jpg', '徐福记沙琪玛，蛋香浓郁', 1, 0, 0),
('德芙巧克力丝滑牛奶', 11, 1, 15.60, 16.00, 60, 90, '/images/dove.jpg', '德芙巧克力，丝滑牛奶味，43g装', 1, 0, 0),
('士力架花生巧克力', 11, 1, 8.80, 9.20, 100, 160, '/images/snickers.jpg', '士力架花生巧克力，51g装', 1, 1, 0),
('好丽友派巧克力味', 13, 1, 14.50, 15.00, 70, 110, '/images/orion.jpg', '好丽友派，巧克力味', 1, 0, 0);

-- 饮料类
INSERT INTO `product` (`name`, `category_id`, `merchant_id`, `price`, `original_price`, `stock`, `sales`, `cover_image`, `description`, `status`, `is_hot`, `is_new`) VALUES
('农夫山泉550ml', 15, 1, 2.00, 2.50, 500, 850, '/images/nongfu.jpg', '农夫山泉矿泉水，550ml装', 1, 1, 0),
('可口可乐330ml', 17, 1, 3.50, 3.80, 300, 520, '/images/coke.jpg', '经典可口可乐，330ml罐装', 1, 1, 0),
('康师傅冰红茶', 17, 1, 4.00, 4.50, 200, 340, '/images/kangshifu.jpg', '康师傅冰红茶，500ml瓶装', 1, 0, 0),
('统一老坛酸菜牛肉面', 7, 1, 5.50, 6.00, 150, 250, '/images/tongyi.jpg', '统一老坛酸菜牛肉面，经典口味', 1, 0, 0),
('康师傅红烧牛肉面', 7, 1, 5.20, 5.80, 180, 310, '/images/beef_noodles.jpg', '康师傅红烧牛肉面', 1, 1, 0),
('统一冰红茶', 17, 1, 4.20, 4.50, 160, 280, '/images/ice_tea.jpg', '统一冰红茶，柠檬味', 1, 0, 0),
('脉动青柠味', 18, 1, 5.80, 6.20, 120, 200, '/images/mizone.jpg', '脉动运动饮料，青柠味，600ml', 1, 0, 0),
('红牛功能性饮料', 18, 1, 8.50, 9.00, 80, 130, '/images/redbull.jpg', '红牛功能性饮料，250ml罐装', 1, 0, 0),
('雀巢咖啡1+2原味', 16, 1, 12.80, 13.50, 60, 95, '/images/nescafe.jpg', '雀巢咖啡1+2原味，15g×20条', 1, 0, 0),
('立顿红茶包', 16, 1, 18.50, 19.80, 40, 60, '/images/lipton.jpg', '立顿红茶包，25包/盒', 1, 0, 0);

-- 生活用品类
INSERT INTO `product` (`name`, `category_id`, `merchant_id`, `price`, `original_price`, `stock`, `sales`, `cover_image`, `description`, `status`, `is_hot`, `is_new`) VALUES
('云南白药牙膏', 20, 1, 19.80, 22.00, 80, 125, '/images/yunnan_baiyao.jpg', '云南白药牙膏，清香型120g', 1, 0, 0),
('舒客防蛀牙膏', 20, 1, 16.50, 18.00, 60, 90, '/images/saky.jpg', '舒客防蛀牙膏，薄荷味120g', 1, 0, 0),
('佳洁士3D牙膏', 20, 1, 21.80, 24.00, 70, 105, '/images/crest.jpg', '佳洁士3D炫白牙膏，180g', 1, 0, 0),
('高露洁牙刷', 20, 1, 8.50, 9.50, 100, 160, '/images/colgate_brush.jpg', '高露洁牙刷，柔软毛×4支', 1, 0, 0),
('海飞丝去屑洗发水', 19, 1, 35.60, 39.00, 50, 75, '/images/headshoulders.jpg', '海飞丝去屑洗发水，400ml装', 1, 0, 0),
('飘柔焗油洗发水', 19, 1, 28.80, 32.00, 40, 60, '/images/rejoice.jpg', '飘柔焗油洗发水，400ml装', 1, 0, 0),
('六神沐浴露', 21, 1, 15.80, 17.50, 80, 120, '/images/liushen.jpg', '六神沐浴露，经典款500ml', 1, 0, 0),
('舒肤佳沐浴露', 21, 1, 18.50, 20.00, 60, 90, '/images/dove_shower.jpg', '舒肤佳沐浴露，活力运动500ml', 1, 0, 0),
('蓝月亮洗衣液', 22, 1, 22.80, 25.00, 80, 125, '/images/blue_moon.jpg', '蓝月亮洗衣液，薰衣草香1kg', 1, 0, 0),
('立白洗洁精', 22, 1, 8.50, 9.50, 120, 180, '/images/liby.jpg', '立白洗洁精，柠檬去油1kg', 1, 0, 0);

-- 学习用品类
INSERT INTO `product` (`name`, `category_id`, `merchant_id`, `price`, `original_price`, `stock`, `sales`, `cover_image`, `description`, `status`, `is_hot`, `is_new`) VALUES
('晨光中性笔0.5mm', 23, 7, 2.50, 3.00, 200, 340, '/images/morning_glory.jpg', '晨光中性笔，黑色0.5mm×10支', 1, 1, 0),
('得力便利贴', 23, 7, 6.80, 7.50, 150, 250, '/images/delixi.jpg', '得力便利贴，彩色3×3英寸', 1, 0, 0),
('国誉活页本A5', 23, 7, 12.50, 14.00, 80, 120, '/images/kokuyo.jpg', '国誉活页本，A5尺寸80页', 1, 0, 0),
('百乐中性笔', 24, 7, 8.50, 9.50, 60, 90, '/images/pilot.jpg', '百乐中性笔，0.5mm黑色', 1, 0, 0),
('派克钢笔', 24, 7, 68.80, 75.00, 20, 30, '/images/parker.jpg', '派克钢笔，商务款', 1, 0, 0),
('小熊USB分线器', 25, 7, 35.60, 39.00, 30, 45, '/images/bear_hub.jpg', '小熊USB分线器，4口HUB', 1, 0, 1),
('公牛插排', 25, 7, 28.80, 32.00, 25, 35, '/images/gongniu.jpg', '公牛插座，5米线长3孔', 1, 0, 0),
('台电移动电源', 25, 7, 58.80, 65.00, 15, 25, '/images/teclast.jpg', '台电移动电源，10000mAh', 1, 0, 1),
('清华同方U盘32G', 25, 7, 45.60, 49.00, 40, 65, '/images/thtf.jpg', '清华同方U盘，32G USB3.0', 1, 0, 0),
('小米数据线', 25, 7, 18.50, 22.00, 80, 125, '/images/xiaomi_cable.jpg', '小米Type-C数据线，1米', 1, 0, 0);

-- 水果生鲜类
INSERT INTO `product` (`name`, `category_id`, `merchant_id`, `price`, `original_price`, `stock`, `sales`, `cover_image`, `description`, `status`, `is_hot`, `is_new`) VALUES
('苹果红富士5斤装', 4, 4, 25.80, 28.00, 60, 90, '/images/apple.jpg', '新鲜红富士苹果，5斤装约15个', 1, 0, 0),
('香蕉2斤装', 4, 4, 12.50, 14.00, 80, 120, '/images/banana.jpg', '新鲜香蕉，2斤装约12根', 1, 0, 0),
('橙子3斤装', 4, 4, 18.80, 21.00, 50, 75, '/images/orange.jpg', '新鲜脐橙，3斤装约10个', 1, 0, 0),
('葡萄1斤装', 4, 4, 15.60, 18.00, 40, 60, '/images/grape.jpg', '新鲜巨峰葡萄，1斤装', 1, 0, 0),
('西瓜半个', 4, 4, 35.80, 39.00, 20, 30, '/images/watermelon.jpg', '新鲜西瓜，半个装约6-8斤', 1, 1, 0),
('草莓1斤装', 4, 4, 28.80, 32.00, 25, 40, '/images/strawberry.jpg', '新鲜草莓，1斤装精选大果', 1, 0, 1),
('猕猴桃6个装', 4, 4, 22.50, 25.00, 35, 55, '/images/kiwi.jpg', '新鲜猕猴桃，6个装中等果', 1, 0, 0),
('火龙果2个装', 4, 4, 16.80, 19.00, 30, 45, '/images/dragon_fruit.jpg', '新鲜火龙果，2个装红心大果', 1, 0, 0),
('芒果3个装', 4, 4, 24.80, 28.00, 20, 30, '/images/mango.jpg', '新鲜芒果，3个装金煌芒', 1, 0, 0),
('梨子5斤装', 4, 4, 18.60, 21.00, 40, 65, '/images/pear.jpg', '新鲜雪花梨，5斤装约12个', 1, 0, 0);

-- 为C区水果小店添加更多商品
INSERT INTO `product` (`name`, `category_id`, `merchant_id`, `price`, `original_price`, `stock`, `sales`, `cover_image`, `description`, `status`, `is_hot`, `is_new`) VALUES
('柠檬5个装', 4, 4, 8.50, 9.80, 50, 80, '/images/lemon.jpg', '新鲜柠檬，5个装', 1, 0, 0),
('青枣1斤装', 4, 4, 12.80, 14.50, 30, 45, '/images/green_date.jpg', '新鲜青枣，1斤装', 1, 0, 0),
('石榴2个装', 4, 4, 16.50, 18.00, 25, 35, '/images/pomegranate.jpg', '新鲜石榴，2个装红籽', 1, 0, 0),
('桃子3斤装', 4, 4, 22.80, 25.00, 20, 30, '/images/peach.jpg', '新鲜水蜜桃，3斤装', 1, 0, 1),
('哈密瓜1个', 4, 4, 28.80, 32.00, 15, 20, '/images/cantaloupe.jpg', '新鲜哈密瓜，1个约3-4斤', 1, 0, 0);

-- 为其他商家也添加一些特色商品
-- 科大奶茶店商品
INSERT INTO `product` (`name`, `category_id`, `merchant_id`, `price`, `original_price`, `stock`, `sales`, `cover_image`, `description`, `status`, `is_hot`, `is_new`) VALUES
('珍珠奶茶中杯', 16, 5, 12.80, 14.00, 200, 350, '/images/bubble_tea.jpg', '经典珍珠奶茶，中杯500ml', 1, 1, 0),
('芝士奶盖绿茶', 16, 5, 15.60, 17.00, 180, 280, '/images/cheese_green_tea.jpg', '芝士奶盖绿茶，大杯600ml', 1, 1, 0),
('水果茶大杯', 16, 5, 18.50, 20.00, 150, 220, '/images/fruit_tea.jpg', '新鲜水果茶，大杯700ml', 1, 0, 1),
('椰果奶茶', 16, 5, 13.80, 15.00, 160, 240, '/images/coconut_milk_tea.jpg', '椰果奶茶，中杯500ml', 1, 0, 0),
('红豆奶茶', 16, 5, 14.50, 16.00, 140, 200, '/images/red_bean_tea.jpg', '红豆奶茶，中杯500ml', 1, 0, 0);

-- ================================
-- 6. 用户数据（黑龙江科技大学学生）
-- ================================

INSERT INTO `user` (`student_no`, `nickname`, `phone`, `email`, `gender`, `status`, `balance`, `score`, `campus_id`, `dorm_building_id`, `dorm_room_no`) VALUES
('USTH20200101', '张小明', '13800138001', 'zhangxiaoming@ust.edu.cn', 1, 0, 125.80, 850, 1, 1, 'A101'),
('USTH20200102', '李晓红', '13800138002', 'lixiaohong@ust.edu.cn', 2, 0, 85.60, 650, 1, 2, 'A205'),
('USTH20200103', '王建国', '13800138003', 'wangjianguo@ust.edu.cn', 1, 0, 45.20, 420, 1, 3, 'B102'),
('USTH20200104', '陈美丽', '13800138004', 'chenmeili@ust.edu.cn', 2, 0, 156.90, 920, 1, 4, 'B305'),
('USTH20200105', '刘志强', '13800138005', 'liuzhiqiang@ust.edu.cn', 1, 0, 28.50, 280, 1, 5, 'C104'),
('USTH20200106', '赵雅丽', '13800138006', 'zhaoyali@ust.edu.cn', 2, 0, 198.75, 1250, 1, 6, 'C201'),
('USTH20200107', '孙志明', '13800138007', 'sunzhiming@ust.edu.cn', 1, 0, 67.40, 520, 1, 7, 'C402'),
('USTH20200108', '周小红', '13800138008', 'zhouxiaohong@ust.edu.cn', 2, 0, 89.30, 680, 1, 8, 'D105'),
('USTH20200109', '吴建华', '13800138009', 'wujianhua@ust.edu.cn', 1, 0, 134.20, 890, 1, 9, 'D203'),
('USTH20200110', '马美丽', '13800138010', 'mameili@ust.edu.cn', 2, 0, 76.80, 580, 1, 10, 'D301'),
('USTH20200201', '林志华', '13800138011', 'linzhihua@ust.edu.cn', 1, 0, 112.50, 750, 1, 1, 'A103'),
('USTH20200202', '黄晓芳', '13800138012', 'huangxiaofang@ust.edu.cn', 2, 0, 95.60, 680, 1, 2, 'A207'),
('USTH20200203', '徐志军', '13800138013', 'xuzhijun@ust.edu.cn', 1, 0, 45.80, 350, 1, 3, 'B104'),
('USTH20200204', '何雅琴', '13800138014', 'heyaqin@ust.edu.cn', 2, 0, 167.40, 1080, 1, 4, 'B307'),
('USTH20200205', '钱志伟', '13800138015', 'qianzhiwei@ust.edu.cn', 1, 0, 38.90, 320, 1, 5, 'C106'),
('USTH20200206', '朱晓丽', '13800138016', 'zhuxiaoli@ust.edu.cn', 2, 0, 145.60, 920, 1, 6, 'C203'),
('USTH20200207', '胡志明', '13800138017', 'huzhiming@ust.edu.cn', 1, 0, 78.20, 580, 1, 7, 'C404'),
('USTH20200208', '罗小红', '13800138018', 'luoxiaohong@ust.edu.cn', 2, 0, 126.80, 820, 1, 8, 'D107'),
('USTH20200209', '高建华', '13800138019', 'gaojianhua@ust.edu.cn', 1, 0, 89.40, 650, 1, 9, 'D205'),
('USTH20200210', '韩美丽', '13800138020', 'hanmeili@ust.edu.cn', 2, 0, 156.90, 980, 1, 10, 'D303'),
('USTH20200301', '谢志华', '13800138021', 'xiezhihua@ust.edu.cn', 1, 0, 68.50, 480, 1, 1, 'A105'),
('USTH20200302', '邓晓芳', '13800138022', 'dengxiaofang@ust.edu.cn', 2, 0, 102.30, 720, 1, 2, 'A209'),
('USTH20200303', '程志军', '13800138023', 'chengzhijun@ust.edu.cn', 1, 0, 37.80, 290, 1, 3, 'B106'),
('USTH20200304', '冯雅琴', '13800138024', 'fengyaqin@ust.edu.cn', 2, 0, 178.60, 1150, 1, 4, 'B309'),
('USTH20200305', '韩志伟', '13800138025', 'hanizhiwei@ust.edu.cn', 1, 0, 56.90, 420, 1, 5, 'C108'),
('USTH20200306', '魏晓丽', '13800138026', 'weixiaoli@ust.edu.cn', 2, 0, 134.20, 860, 1, 6, 'C205'),
('USTH20200307', '蒋志明', '13800138027', 'jiangzhiming@ust.edu.cn', 1, 0, 45.30, 350, 1, 7, 'C406'),
('USTH20200308', '范小红', '13800138028', 'fanxiaohong@ust.edu.cn', 2, 0, 98.70, 680, 1, 8, 'D109'),
('USTH20200309', '宋建华', '13800138029', 'songjianhua@ust.edu.cn', 1, 0, 76.50, 520, 1, 9, 'D207'),
('USTH20200310', '叶美丽', '13800138030', 'yemeili@ust.edu.cn', 2, 0, 145.80, 920, 1, 10, 'D305'),
('USTH20210101', '曾志华', '13800138031', 'zengzhihua@ust.edu.cn', 1, 0, 89.40, 580, 2, 11, 'S101'),
('USTH20210102', '蒋晓芳', '13800138032', 'jiangxiaofang@ust.edu.cn', 2, 0, 112.80, 750, 2, 12, 'S203'),
('USTH20210103', '余志军', '13800138033', 'yuzhijun@ust.edu.cn', 1, 0, 34.60, 260, 2, 13, 'S104'),
('USTH20210104', '潘雅琴', '13800138034', 'panyaqin@ust.edu.cn', 2, 0, 167.30, 1080, 2, 14, 'S305'),
('USTH20210105', '戴志伟', '13800138035', 'daizhiwei@ust.edu.cn', 1, 0, 67.80, 480, 2, 15, 'S106'),
('USTH20210106', '韩晓丽', '13800138036', 'hanxiaoli@ust.edu.cn', 2, 0, 128.90, 820, 2, 16, 'S207'),
('USTH20210107', '石志明', '13800138037', 'shizhiming@ust.edu.cn', 1, 0, 56.70, 390, 2, 17, 'S308'),
('USTH20210108', '何小红', '13800138038', 'hexiaohong@ust.edu.cn', 2, 0, 95.40, 650, 2, 18, 'S109'),
('USTH20210109', '彭建华', '13800138039', 'pengjianhua@ust.edu.cn', 1, 0, 78.60, 520, 2, 19, 'S202'),
('USTH20210110', '胡美丽', '13800138040', 'humeili@ust.edu.cn', 2, 0, 134.50, 860, 2, 20, 'S304');

-- ================================
-- 7. 用户认证数据
-- ================================

INSERT INTO `user_auth` (`user_id`, `open_id`, `union_id`, `session_key`) VALUES
(1, 'wx_openid_202001010001', 'wx_unionid_20200101', 'session_key_001'),
(2, 'wx_openid_202001010002', 'wx_unionid_20200102', 'session_key_002'),
(3, 'wx_openid_202001010003', 'wx_unionid_20200103', 'session_key_003'),
(4, 'wx_openid_202001010004', 'wx_unionid_20200104', 'session_key_004'),
(5, 'wx_openid_202001010005', 'wx_unionid_20200105', 'session_key_005'),
(6, 'wx_openid_202001010006', 'wx_unionid_20200106', 'session_key_006'),
(7, 'wx_openid_202001010007', 'wx_unionid_20200107', 'session_key_007'),
(8, 'wx_openid_202001010008', 'wx_unionid_20200108', 'session_key_008'),
(9, 'wx_openid_202001010009', 'wx_unionid_20200109', 'session_key_009'),
(10, 'wx_openid_202001010010', 'wx_unionid_20200110', 'session_key_010'),
(11, 'wx_openid_202002010001', 'wx_unionid_20200201', 'session_key_011'),
(12, 'wx_openid_202002010002', 'wx_unionid_20200202', 'session_key_012'),
(13, 'wx_openid_202002010003', 'wx_unionid_20200203', 'session_key_013'),
(14, 'wx_openid_202002010004', 'wx_unionid_20200204', 'session_key_014'),
(15, 'wx_openid_202002010005', 'wx_unionid_20200205', 'session_key_015'),
(16, 'wx_openid_202002010006', 'wx_unionid_20200206', 'session_key_016'),
(17, 'wx_openid_202002010007', 'wx_unionid_20200207', 'session_key_017'),
(18, 'wx_openid_202002010008', 'wx_unionid_20200208', 'session_key_018'),
(19, 'wx_openid_202002010009', 'wx_unionid_20200209', 'session_key_019'),
(20, 'wx_openid_202002010010', 'wx_unionid_20200210', 'session_key_020'),
(21, 'wx_openid_202003010001', 'wx_unionid_20200301', 'session_key_021'),
(22, 'wx_openid_202003010002', 'wx_unionid_20200302', 'session_key_022'),
(23, 'wx_openid_202003010003', 'wx_unionid_20200303', 'session_key_023'),
(24, 'wx_openid_202003010004', 'wx_unionid_20200304', 'session_key_024'),
(25, 'wx_openid_202003010005', 'wx_unionid_20200305', 'session_key_025'),
(26, 'wx_openid_202003010006', 'wx_unionid_20200306', 'session_key_026'),
(27, 'wx_openid_202003010007', 'wx_unionid_20200307', 'session_key_027'),
(28, 'wx_openid_202003010008', 'wx_unionid_20200308', 'session_key_028'),
(29, 'wx_openid_202003010009', 'wx_unionid_20200309', 'session_key_029'),
(30, 'wx_openid_202003010010', 'wx_unionid_20200310', 'session_key_030'),
(31, 'wx_openid_202101010001', 'wx_unionid_20210101', 'session_key_031'),
(32, 'wx_openid_202101010002', 'wx_unionid_20210102', 'session_key_032'),
(33, 'wx_openid_202101010003', 'wx_unionid_20210103', 'session_key_033'),
(34, 'wx_openid_202101010004', 'wx_unionid_20210104', 'session_key_034'),
(35, 'wx_openid_202101010005', 'wx_unionid_20210105', 'session_key_035'),
(36, 'wx_openid_202101010006', 'wx_unionid_20210106', 'session_key_036'),
(37, 'wx_openid_202101010007', 'wx_unionid_20210107', 'session_key_037'),
(38, 'wx_openid_202101010008', 'wx_unionid_20210108', 'session_key_038'),
(39, 'wx_openid_202101010009', 'wx_unionid_20210109', 'session_key_039'),
(40, 'wx_openid_202101010010', 'wx_unionid_20210110', 'session_key_040');

-- ================================
-- 8. 地址数据
-- ================================

INSERT INTO `address` (`user_id`, `consignee`, `phone`, `province`, `city`, `district`, `detail_address`, `is_default`, `campus_id`, `delivery_point_id`) VALUES
-- 松北校区地址
(1, '张小明', '13800138001', '黑龙江省', '哈尔滨市', '松北区', '黑龙江科技大学松北校区A区学生宿舍1号楼A101', 1, 1, 1),
(2, '李晓红', '13800138002', '黑龙江省', '哈尔滨市', '松北区', '黑龙江科技大学松北校区A区学生宿舍2号楼A205', 1, 1, 1),
(3, '王建国', '13800138003', '黑龙江省', '哈尔滨市', '松北区', '黑龙江科技大学松北校区B区学生宿舍1号楼B102', 1, 1, 2),
(4, '陈美丽', '13800138004', '黑龙江省', '哈尔滨市', '松北区', '黑龙江科技大学松北校区B区学生宿舍3号楼B305', 1, 1, 2),
(5, '刘志强', '13800138005', '黑龙江省', '哈尔滨市', '松北区', '黑龙江科技大学松北校区C区学生宿舍1号楼C104', 1, 1, 3),
(6, '赵雅丽', '13800138006', '黑龙江省', '哈尔滨市', '松北区', '黑龙江科技大学松北校区C区学生宿舍2号楼C201', 1, 1, 3),
(7, '孙志明', '13800138007', '黑龙江省', '哈尔滨市', '松北区', '黑龙江科技大学松北校区C区学生宿舍4号楼C402', 1, 1, 3),
(8, '周小红', '13800138008', '黑龙江省', '哈尔滨市', '松北区', '黑龙江科技大学松北校区D区学生宿舍1号楼D105', 1, 1, 4),
(9, '吴建华', '13800138009', '黑龙江省', '哈尔滨市', '松北区', '黑龙江科技大学松北校区D区学生宿舍2号楼D203', 1, 1, 4),
(10, '马美丽', '13800138010', '黑龙江省', '哈尔滨市', '松北区', '黑龙江科技大学松北校区D区学生宿舍3号楼D301', 1, 1, 4),
-- 嵩山校区地址
(31, '曾志华', '13800138031', '黑龙江省', '哈尔滨市', '南岗区', '黑龙江科技大学嵩山校区学生宿舍1号楼S101', 1, 2, 9),
(32, '蒋晓芳', '13800138032', '黑龙江省', '哈尔滨市', '南岗区', '黑龙江科技大学嵩山校区学生宿舍2号楼S203', 1, 2, 9),
(33, '余志军', '13800138033', '黑龙江省', '哈尔滨市', '南岗区', '黑龙江科技大学嵩山校区学生宿舍1号楼S104', 1, 2, 9),
(34, '潘雅琴', '13800138034', '黑龙江省', '哈尔滨市', '南岗区', '黑龙江科技大学嵩山校区学生宿舍3号楼S305', 1, 2, 9),
(35, '戴志伟', '13800138035', '黑龙江省', '哈尔滨市', '南岗区', '黑龙江科技大学嵩山校区学生宿舍1号楼S106', 1, 2, 9);

-- ================================
-- 9. 购物车数据
-- ================================

INSERT INTO `cart` (`user_id`, `product_id`, `quantity`, `selected`) VALUES
(1, 1, 2, 1),  -- 张小明买了2包奥利奥
(1, 15, 3, 1),  -- 买了3瓶农夫山泉
(1, 19, 1, 1),  -- 买了1个可比克薯片
(2, 2, 1, 1),   -- 李晓红买了1包乐事薯片
(2, 16, 2, 1),  -- 买了2瓶可口可乐
(2, 25, 1, 1),  -- 买了1支晨光中性笔
(3, 3, 1, 1),   -- 王建国买了1包辣条
(3, 17, 1, 1),  -- 买了1瓶康师傅冰红茶
(3, 26, 1, 1),  -- 买了1个便利贴
(4, 1, 3, 1),   -- 陈美丽买了3包奥利奥
(4, 18, 1, 1),  -- 买了1瓶脉动
(5, 5, 1, 1),   -- 刘志强买了1包上好佳薯片
(5, 20, 1, 1),  -- 买了1瓶红牛
(6, 4, 2, 1),   -- 赵雅丽买了2包旺仔小馒头
(6, 21, 1, 1),  -- 买了1盒雀巢咖啡
(7, 6, 1, 1),   -- 孙志明买了1个徐福记沙琪玛
(7, 22, 1, 1),  -- 买了1盒立顿红茶包
(8, 7, 1, 1),   -- 周小红买了1个德芙巧克力
(8, 23, 1, 1),  -- 买了1个小米数据线
(9, 8, 1, 1),   -- 吴建华买了1个士力架
(9, 24, 1, 1),  -- 买了1个台电移动电源
(10, 9, 1, 1),  -- 马美丽买了1个好丽友派
(10, 31, 1, 1), -- 买了1个苹果
(31, 12, 1, 1), -- 曾志华买了1盒国誉活页本
(32, 13, 1, 1), -- 蒋晓芳买了1支百乐中性笔
(33, 14, 1, 1), -- 余志军买了1支派克钢笔
(34, 15, 4, 1), -- 潘雅琴买了4瓶农夫山泉
(35, 16, 2, 1), -- 戴志伟买了2瓶可口可乐

-- 嵩山校区用户购物车
(36, 42, 1, 1), -- 韩晓丽买了1个珍珠奶茶
(37, 43, 1, 1), -- 石志明买了1个芝士奶盖绿茶
(38, 44, 1, 1), -- 何小红买了1个水果茶
(39, 45, 1, 1), -- 彭建华买了1个椰果奶茶
(40, 46, 1, 1); -- 胡美丽买了1个红豆奶茶

-- ================================
-- 10. 订单数据
-- ================================

INSERT INTO `order` (`order_no`, `user_id`, `merchant_id`, `address_id`, `total_amount`, `delivery_fee`, `actual_amount`, `status`, `payment_type`, `delivery_type`, `delivery_fee`, `remark`, `create_time`, `paid_time`, `completed_time`, `campus_id`) VALUES
('HKJ20241118001', 1, 1, 1, 28.80, 3.00, 31.80, 3, 0, 2, 3.00, '请送到宿舍楼下', '2025-11-18 10:30:00', '2025-11-18 10:32:00', '2025-11-18 11:15:00', 1),
('HKJ20241118002', 2, 1, 2, 15.80, 3.00, 18.80, 3, 0, 2, 3.00, '', '2025-11-18 12:15:00', '2025-11-18 12:16:00', '2025-11-18 12:45:00', 1),
('HKJ20241118003', 3, 1, 3, 10.50, 3.00, 13.50, 3, 0, 2, 3.00, '着急上课，请尽快配送', '2025-11-18 13:20:00', '2025-11-18 13:22:00', '2025-11-18 13:55:00', 1),
('HKJ20241118004', 4, 1, 4, 12.50, 3.00, 15.50, 2, 0, 2, 3.00, '已支付，正在配送中', '2025-11-18 14:30:00', '2025-11-18 14:32:00', NULL, 1),
('HKJ20241118005', 5, 1, 5, 24.30, 3.00, 27.30, 2, 0, 2, 3.00, '请放到宿舍楼下自取柜', '2025-11-18 15:45:00', '2025-11-18 15:46:00', NULL, 1),
('HKJ20241118006', 6, 1, 6, 18.20, 3.00, 21.20, 1, 0, 2, 3.00, '已支付，待商家接单', '2025-11-18 16:20:00', '2025-11-18 16:22:00', NULL, 1),
('HKJ20241118007', 7, 1, 7, 26.50, 3.00, 29.50, 1, 0, 2, 3.00, '', '2025-11-18 17:10:00', '2025-11-18 17:11:00', NULL, 1),
('HKJ20241118008', 8, 1, 8, 22.60, 3.00, 25.60, 0, 0, 2, 3.00, '待支付', '2025-11-18 18:00:00', NULL, NULL, 1),
('HKJ20241118009', 9, 5, 9, 35.80, 3.00, 38.80, 3, 0, 2, 3.00, '奶茶要热的，谢谢', '2025-11-18 11:45:00', '2025-11-18 11:47:00', '2025-11-18 12:20:00', 1),
('HKJ20241118010', 10, 4, 10, 58.90, 3.00, 61.90, 3, 0, 2, 3.00, '水果要新鲜的', '2025-11-18 09:30:00', '2025-11-18 09:32:00', '2025-11-18 10:05:00', 1),
('HKJ20241118011', 31, 10, 31, 28.60, 4.00, 32.60, 3, 0, 2, 4.00, '嵩山校区配送', '2025-11-18 13:50:00', '2025-11-18 13:52:00', '2025-11-18 14:30:00', 2),
('HKJ20241118012', 32, 10, 32, 18.70, 4.00, 22.70, 2, 0, 2, 4.00, '已支付，送往嵩山校区', '2025-11-18 16:15:00', '2025-11-18 16:17:00', NULL, 2);

-- ================================
-- 11. 订单商品数据
-- ================================

INSERT INTO `order_item` (`order_id`, `product_id`, `product_name`, `cover_image`, `price`, `quantity`, `total_price`) VALUES
-- 订单1的商品
(1, 1, '奥利奥饼干巧克力味', '/images/oreo.jpg', 8.50, 2, 17.00),
(1, 15, '农夫山泉550ml', '/images/nongfu.jpg', 2.00, 3, 6.00),
(1, 19, '可比克薯片番茄味', '/images/keikebi.jpg', 6.50, 1, 6.50),

-- 订单2的商品
(2, 2, '乐事薯片黄瓜味', '/images/lays_cucumber.jpg', 6.80, 1, 6.80),
(2, 16, '可口可乐330ml', '/images/coke.jpg', 3.50, 2, 7.00),
(2, 25, '晨光中性笔0.5mm', '/images/morning_glory.jpg', 2.50, 1, 2.50),

-- 订单3的商品
(3, 3, '卫龙辣条大面筋', '/images/weilong.jpg', 4.50, 1, 4.50),
(3, 17, '康师傅冰红茶', '/images/kangshifu.jpg', 4.00, 1, 4.00),
(3, 26, '得力便利贴', '/images/delixi.jpg', 6.80, 1, 6.80),

-- 订单4的商品
(4, 1, '奥利奥饼干巧克力味', '/images/oreo.jpg', 8.50, 3, 25.50),
(4, 18, '脉动青柠味', '/images/mizone.jpg', 5.80, 1, 5.80),

-- 订单5的商品
(5, 5, '上好佳薯片鲜虾味', '/images/shanghaojia.jpg', 7.20, 1, 7.20),
(5, 20, '红牛功能性饮料', '/images/redbull.jpg', 8.50, 1, 8.50),
(5, 27, '国誉活页本A5', '/images/kokuyo.jpg', 12.50, 1, 12.50),

-- 订单6的商品
(6, 4, '旺仔小馒头', '/images/wangzi.jpg', 5.20, 2, 10.40),
(6, 21, '雀巢咖啡1+2原味', '/images/nescafe.jpg', 12.80, 1, 12.80),

-- 订单7的商品
(7, 6, '徐福记沙琪玛', '/images/xufuji.jpg', 12.80, 1, 12.80),
(7, 22, '立顿红茶包', '/images/lipton.jpg', 18.50, 1, 18.50),

-- 订单8的商品
(8, 7, '德芙巧克力丝滑牛奶', '/images/dove.jpg', 15.60, 1, 15.60),
(8, 23, '小米数据线', '/images/xiaomi_cable.jpg', 18.50, 1, 18.50),

-- 订单9的商品（奶茶订单）
(9, 42, '珍珠奶茶中杯', '/images/bubble_tea.jpg', 12.80, 1, 12.80),
(9, 43, '芝士奶盖绿茶', '/images/cheese_green_tea.jpg', 15.60, 1, 15.60),

-- 订单10的商品（水果订单）
(10, 31, '苹果红富士5斤装', '/images/apple.jpg', 25.80, 1, 25.80),
(10, 32, '香蕉2斤装', '/images/banana.jpg', 12.50, 1, 12.50),
(10, 33, '橙子3斤装', '/images/orange.jpg', 18.80, 1, 18.80),

-- 订单11的商品
(11, 28, '台电移动电源', '/images/teclast.jpg', 58.80, 1, 58.80),

-- 订单12的商品
(12, 29, '清华同方U盘32G', '/images/thtf.jpg', 45.60, 1, 45.60);

-- ================================
-- 12. 支付记录数据
-- ================================

INSERT INTO `payment` (`order_no`, `user_id`, `amount`, `payment_type`, `status`, `transaction_id`, `payment_time`, `create_time`) VALUES
('HKJ20241118001', 1, 31.80, 0, 2, 'TXN001', '2025-11-18 10:32:00', '2025-11-18 10:32:00'),
('HKJ20241118002', 2, 18.80, 0, 2, 'TXN002', '2025-11-18 12:16:00', '2025-11-18 12:16:00'),
('HKJ20241118003', 3, 13.50, 0, 2, 'TXN003', '2025-11-18 13:22:00', '2025-11-18 13:22:00'),
('HKJ20241118004', 4, 15.50, 0, 2, 'TXN004', '2025-11-18 14:32:00', '2025-11-18 14:32:00'),
('HKJ20241118005', 5, 27.30, 0, 2, 'TXN005', '2025-11-18 15:46:00', '2025-11-18 15:46:00'),
('HKJ20241118006', 6, 21.20, 0, 2, 'TXN006', '2025-11-18 16:22:00', '2025-11-18 16:22:00'),
('HKJ20241118007', 7, 29.50, 0, 2, 'TXN007', '2025-11-18 17:11:00', '2025-11-18 17:11:00'),
('HKJ20241118009', 9, 38.80, 0, 2, 'TXN009', '2025-11-18 11:47:00', '2025-11-18 11:47:00'),
('HKJ20241118010', 10, 61.90, 0, 2, 'TXN010', '2025-11-18 09:32:00', '2025-11-18 09:32:00'),
('HKJ20241118011', 31, 32.60, 0, 2, 'TXN011', '2025-11-18 13:52:00', '2025-11-18 13:52:00'),
('HKJ20241118012', 32, 22.70, 0, 2, 'TXN012', '2025-11-18 16:17:00', '2025-11-18 16:17:00');

-- ================================
-- 13. 跑腿员数据
-- ================================

INSERT INTO `delivery_person` (`user_id`, `name`, `phone`, `status`, `rating`, `total_orders`, `total_income`) VALUES
(11, '林志华', '13800138011', 1, 4.8, 25, 350.80),
(13, '徐志军', '13800138013', 0, 4.6, 18, 268.50),
(15, '钱志伟', '13800138015', 1, 4.7, 32, 478.20),
(17, '胡志明', '13800138017', 2, 4.5, 15, 225.30),
(19, '高建华', '13800138019', 0, 4.9, 38, 568.90),
(21, '谢志华', '13800138021', 1, 4.4, 22, 328.60),
(23, '程志军', '13800138023', 0, 4.3, 12, 178.90),
(25, '韩志伟', '13800138025', 1, 4.8, 29, 435.70),
(27, '蒋志明', '13800138027', 2, 4.6, 20, 298.50),
(29, '宋建华', '13800138029', 0, 4.7, 26, 389.40);

-- ================================
-- 14. 跑腿需求数据
-- ================================

INSERT INTO `delivery_request` (`order_id`, `user_id`, `merchant_id`, `pickup_address`, `delivery_address`, `delivery_fee`, `status`, `delivery_person_id`, `create_time`, `completed_time`) VALUES
(1, 1, 1, '松北校区B区食堂一楼', '松北校区A区学生宿舍1号楼', 3.00, 3, 11, '2025-11-18 10:32:00', '2025-11-18 11:15:00'),
(2, 2, 1, '松北校区B区食堂一楼', '松北校区A区学生宿舍2号楼', 3.00, 3, 13, '2025-11-18 12:16:00', '2025-11-18 12:45:00'),
(3, 3, 1, '松北校区B区食堂一楼', '松北校区B区学生宿舍1号楼', 3.00, 3, 15, '2025-11-18 13:22:00', '2025-11-18 13:55:00'),
(4, 4, 1, '松北校区B区食堂一楼', '松北校区B区学生宿舍3号楼', 3.00, 2, 17, '2025-11-18 14:32:00', NULL),
(5, 5, 1, '松北校区B区食堂一楼', '松北校区C区学生宿舍1号楼', 3.00, 2, 19, '2025-11-18 15:46:00', NULL),
(9, 9, 5, '松北校区C区商业街奶茶店', '松北校区D区学生宿舍2号楼', 3.00, 3, 21, '2025-11-18 11:47:00', '2025-11-18 12:20:00'),
(10, 10, 4, '松北校区C区商业街水果店', '松北校区D区学生宿舍3号楼', 3.00, 3, 23, '2025-11-18 09:32:00', '2025-11-18 10:05:00'),
(11, 31, 10, '松北校区A区宿舍商业街', '嵩山校区学生宿舍1号楼', 4.00, 3, 25, '2025-11-18 13:52:00', '2025-11-18 14:30:00');

-- ================================
-- 15. 外卖订单数据
-- ================================

INSERT INTO `takeout_order` (`order_id`, `order_no`, `merchant_id`, `user_id`, `status`, `create_time`, `update_time`) VALUES
(1, 'TK20241118001', 1, 1, 3, '2025-11-18 10:30:00', '2025-11-18 11:15:00'),
(2, 'TK20241118002', 1, 2, 3, '2025-11-18 12:15:00', '2025-11-18 12:45:00'),
(3, 'TK20241118003', 1, 3, 3, '2025-11-18 13:20:00', '2025-11-18 13:55:00'),
(4, 'TK20241118004', 1, 4, 2, '2025-11-18 14:30:00', '2025-11-18 14:30:00'),
(5, 'TK20241118005', 1, 5, 2, '2025-11-18 15:45:00', '2025-11-18 15:45:00'),
(6, 'TK20241118006', 1, 6, 1, '2025-11-18 16:20:00', '2025-11-18 16:20:00'),
(7, 'TK20241118007', 1, 7, 1, '2025-11-18 17:10:00', '2025-11-18 17:10:00'),
(9, 'TK20241118009', 5, 9, 3, '2025-11-18 11:45:00', '2025-11-18 12:20:00'),
(10, 'TK20241118010', 4, 10, 3, '2025-11-18 09:30:00', '2025-11-18 10:05:00');

-- ================================
-- 输出数据统计
-- ================================

SELECT '测试数据创建完成' AS result, NOW() AS 完成时间;

SELECT '数据统计:' AS 统计项目;
SELECT '校园信息表' AS 表名, COUNT(*) AS 记录数 FROM campus_info;
SELECT '外卖柜表' AS 表名, COUNT(*) AS 记录数 FROM delivery_locker;
SELECT '商家表' AS 表名, COUNT(*) AS 记录数 FROM merchant;
SELECT '商品分类表' AS 表名, COUNT(*) AS 记录数 FROM category;
SELECT '商品表' AS 表名, COUNT(*) AS 记录数 FROM product;
SELECT '用户表' AS 表名, COUNT(*) AS 记录数 FROM user;
SELECT '用户认证表' AS 表名, COUNT(*) AS 记录数 FROM user_auth;
SELECT '地址表' AS 表名, COUNT(*) AS 记录数 FROM address;
SELECT '购物车表' AS 表名, COUNT(*) AS 记录数 FROM cart;
SELECT '订单表' AS 表名, COUNT(*) AS 记录数 FROM `order`;
SELECT '订单商品表' AS 表名, COUNT(*) AS 记录数 FROM order_item;
SELECT '支付记录表' AS 表名, COUNT(*) AS 记录数 FROM payment;
SELECT '跑腿员表' AS 表名, COUNT(*) AS 记录数 FROM delivery_person;
SELECT '跑腿需求表' AS 表名, COUNT(*) AS 记录数 FROM delivery_request;
SELECT '外卖订单表' AS 表名, COUNT(*) AS 记录数 FROM takeout_order;